ID,Target
TEST_0000,neutral
TEST_0001,neutral
TEST_0002,neutral
TEST_0003,neutral
TEST_0004,neutral
TEST_0005,neutral
TEST_0006,neutral
TEST_0007,joy
TEST_0008,joy
TEST_0009,joy
TEST_0010,joy
TEST_0011,neutral
TEST_0012,neutral
TEST_0013,neutral
TEST_0014,neutral
TEST_0015,neutral
TEST_0016,anger
TEST_0017,neutral
TEST_0018,neutral
TEST_0019,neutral
TEST_0020,neutral
TEST_0021,neutral
TEST_0022,neutral
TEST_0023,neutral
TEST_0024,neutral
TEST_0025,neutral
TEST_0026,neutral
TEST_0027,neutral
TEST_0028,disgust
TEST_0029,surprise
TEST_0030,anger
TEST_0031,joy
TEST_0032,surprise
TEST_0033,surprise
TEST_0034,surprise
TEST_0035,surprise
TEST_0036,surprise
TEST_0037,surprise
TEST_0038,neutral
TEST_0039,neutral
TEST_0040,neutral
TEST_0041,neutral
TEST_0042,neutral
TEST_0043,neutral
TEST_0044,neutral
TEST_0045,neutral
TEST_0046,neutral
TEST_0047,neutral
TEST_0048,neutral
TEST_0049,neutral
TEST_0050,neutral
TEST_0051,neutral
TEST_0052,neutral
TEST_0053,neutral
TEST_0054,neutral
TEST_0055,neutral
TEST_0056,neutral
TEST_0057,neutral
TEST_0058,neutral
TEST_0059,anger
TEST_0060,neutral
TEST_0061,neutral
TEST_0062,neutral
TEST_0063,neutral
TEST_0064,neutral
TEST_0065,neutral
TEST_0066,joy
TEST_0067,joy
TEST_0068,neutral
TEST_0069,neutral
TEST_0070,neutral
TEST_0071,joy
TEST_0072,surprise
TEST_0073,surprise
TEST_0074,surprise
TEST_0075,surprise
TEST_0076,sadness
TEST_0077,sadness
TEST_0078,sadness
TEST_0079,sadness
TEST_0080,sadness
TEST_0081,sadness
TEST_0082,sadness
TEST_0083,sadness
TEST_0084,anger
TEST_0085,anger
TEST_0086,neutral
TEST_0087,neutral
TEST_0088,joy
TEST_0089,joy
TEST_0090,joy
TEST_0091,neutral
TEST_0092,neutral
TEST_0093,surprise
TEST_0094,anger
TEST_0095,anger
TEST_0096,anger
TEST_0097,anger
TEST_0098,anger
TEST_0099,anger
TEST_0100,anger
TEST_0101,anger
TEST_0102,anger
TEST_0103,anger
TEST_0104,anger
TEST_0105,anger
TEST_0106,anger
TEST_0107,anger
TEST_0108,anger
TEST_0109,anger
TEST_0110,neutral
TEST_0111,anger
TEST_0112,anger
TEST_0113,neutral
TEST_0114,neutral
TEST_0115,anger
TEST_0116,surprise
TEST_0117,anger
TEST_0118,anger
TEST_0119,anger
TEST_0120,anger
TEST_0121,surprise
TEST_0122,surprise
TEST_0123,surprise
TEST_0124,surprise
TEST_0125,anger
TEST_0126,anger
TEST_0127,neutral
TEST_0128,anger
TEST_0129,neutral
TEST_0130,joy
TEST_0131,joy
TEST_0132,anger
TEST_0133,disgust
TEST_0134,disgust
TEST_0135,anger
TEST_0136,anger
TEST_0137,anger
TEST_0138,neutral
TEST_0139,neutral
TEST_0140,neutral
TEST_0141,neutral
TEST_0142,neutral
TEST_0143,neutral
TEST_0144,neutral
TEST_0145,neutral
TEST_0146,neutral
TEST_0147,neutral
TEST_0148,neutral
TEST_0149,neutral
TEST_0150,neutral
TEST_0151,disgust
TEST_0152,disgust
TEST_0153,disgust
TEST_0154,disgust
TEST_0155,disgust
TEST_0156,disgust
TEST_0157,disgust
TEST_0158,disgust
TEST_0159,disgust
TEST_0160,disgust
TEST_0161,disgust
TEST_0162,disgust
TEST_0163,disgust
TEST_0164,disgust
TEST_0165,disgust
TEST_0166,disgust
TEST_0167,disgust
TEST_0168,disgust
TEST_0169,disgust
TEST_0170,disgust
TEST_0171,disgust
TEST_0172,disgust
TEST_0173,disgust
TEST_0174,anger
TEST_0175,anger
TEST_0176,anger
TEST_0177,anger
TEST_0178,anger
TEST_0179,anger
TEST_0180,anger
TEST_0181,neutral
TEST_0182,neutral
TEST_0183,neutral
TEST_0184,surprise
TEST_0185,anger
TEST_0186,neutral
TEST_0187,neutral
TEST_0188,neutral
TEST_0189,neutral
TEST_0190,neutral
TEST_0191,neutral
TEST_0192,neutral
TEST_0193,neutral
TEST_0194,neutral
TEST_0195,neutral
TEST_0196,neutral
TEST_0197,neutral
TEST_0198,neutral
TEST_0199,joy
TEST_0200,joy
TEST_0201,joy
TEST_0202,joy
TEST_0203,joy
TEST_0204,sadness
TEST_0205,joy
TEST_0206,neutral
TEST_0207,anger
TEST_0208,sadness
TEST_0209,anger
TEST_0210,anger
TEST_0211,anger
TEST_0212,anger
TEST_0213,joy
TEST_0214,joy
TEST_0215,anger
TEST_0216,anger
TEST_0217,anger
TEST_0218,joy
TEST_0219,anger
TEST_0220,anger
TEST_0221,anger
TEST_0222,joy
TEST_0223,joy
TEST_0224,surprise
TEST_0225,neutral
TEST_0226,anger
TEST_0227,anger
TEST_0228,joy
TEST_0229,surprise
TEST_0230,sadness
TEST_0231,sadness
TEST_0232,sadness
TEST_0233,surprise
TEST_0234,surprise
TEST_0235,surprise
TEST_0236,surprise
TEST_0237,surprise
TEST_0238,surprise
TEST_0239,surprise
TEST_0240,surprise
TEST_0241,surprise
TEST_0242,surprise
TEST_0243,surprise
TEST_0244,surprise
TEST_0245,joy
TEST_0246,joy
TEST_0247,joy
TEST_0248,joy
TEST_0249,neutral
TEST_0250,neutral
TEST_0251,neutral
TEST_0252,sadness
TEST_0253,sadness
TEST_0254,sadness
TEST_0255,sadness
TEST_0256,sadness
TEST_0257,sadness
TEST_0258,sadness
TEST_0259,sadness
TEST_0260,joy
TEST_0261,sadness
TEST_0262,sadness
TEST_0263,joy
TEST_0264,sadness
TEST_0265,sadness
TEST_0266,neutral
TEST_0267,neutral
TEST_0268,neutral
TEST_0269,neutral
TEST_0270,neutral
TEST_0271,neutral
TEST_0272,neutral
TEST_0273,anger
TEST_0274,neutral
TEST_0275,neutral
TEST_0276,anger
TEST_0277,anger
TEST_0278,anger
TEST_0279,surprise
TEST_0280,surprise
TEST_0281,surprise
TEST_0282,surprise
TEST_0283,surprise
TEST_0284,surprise
TEST_0285,surprise
TEST_0286,anger
TEST_0287,anger
TEST_0288,anger
TEST_0289,anger
TEST_0290,neutral
TEST_0291,neutral
TEST_0292,neutral
TEST_0293,neutral
TEST_0294,neutral
TEST_0295,neutral
TEST_0296,sadness
TEST_0297,sadness
TEST_0298,sadness
TEST_0299,anger
TEST_0300,anger
TEST_0301,neutral
TEST_0302,neutral
TEST_0303,neutral
TEST_0304,joy
TEST_0305,joy
TEST_0306,sadness
TEST_0307,sadness
TEST_0308,sadness
TEST_0309,disgust
TEST_0310,neutral
TEST_0311,anger
TEST_0312,anger
TEST_0313,anger
TEST_0314,neutral
TEST_0315,surprise
TEST_0316,surprise
TEST_0317,anger
TEST_0318,anger
TEST_0319,anger
TEST_0320,anger
TEST_0321,anger
TEST_0322,anger
TEST_0323,anger
TEST_0324,anger
TEST_0325,anger
TEST_0326,anger
TEST_0327,anger
TEST_0328,anger
TEST_0329,anger
TEST_0330,joy
TEST_0331,neutral
TEST_0332,neutral
TEST_0333,neutral
TEST_0334,neutral
TEST_0335,anger
TEST_0336,surprise
TEST_0337,anger
TEST_0338,anger
TEST_0339,disgust
TEST_0340,anger
TEST_0341,anger
TEST_0342,joy
TEST_0343,anger
TEST_0344,joy
TEST_0345,joy
TEST_0346,joy
TEST_0347,joy
TEST_0348,joy
TEST_0349,joy
TEST_0350,neutral
TEST_0351,neutral
TEST_0352,anger
TEST_0353,neutral
TEST_0354,neutral
TEST_0355,neutral
TEST_0356,neutral
TEST_0357,neutral
TEST_0358,anger
TEST_0359,anger
TEST_0360,neutral
TEST_0361,joy
TEST_0362,joy
TEST_0363,neutral
TEST_0364,joy
TEST_0365,joy
TEST_0366,joy
TEST_0367,joy
TEST_0368,surprise
TEST_0369,surprise
TEST_0370,joy
TEST_0371,surprise
TEST_0372,joy
TEST_0373,joy
TEST_0374,joy
TEST_0375,joy
TEST_0376,neutral
TEST_0377,sadness
TEST_0378,sadness
TEST_0379,anger
TEST_0380,neutral
TEST_0381,neutral
TEST_0382,neutral
TEST_0383,neutral
TEST_0384,neutral
TEST_0385,neutral
TEST_0386,neutral
TEST_0387,neutral
TEST_0388,neutral
TEST_0389,neutral
TEST_0390,neutral
TEST_0391,neutral
TEST_0392,neutral
TEST_0393,neutral
TEST_0394,neutral
TEST_0395,surprise
TEST_0396,surprise
TEST_0397,joy
TEST_0398,joy
TEST_0399,joy
TEST_0400,joy
TEST_0401,joy
TEST_0402,joy
TEST_0403,anger
TEST_0404,anger
TEST_0405,joy
TEST_0406,joy
TEST_0407,joy
TEST_0408,joy
TEST_0409,joy
TEST_0410,joy
TEST_0411,joy
TEST_0412,joy
TEST_0413,joy
TEST_0414,neutral
TEST_0415,neutral
TEST_0416,neutral
TEST_0417,neutral
TEST_0418,neutral
TEST_0419,neutral
TEST_0420,neutral
TEST_0421,neutral
TEST_0422,neutral
TEST_0423,joy
TEST_0424,disgust
TEST_0425,joy
TEST_0426,joy
TEST_0427,joy
TEST_0428,neutral
TEST_0429,neutral
TEST_0430,anger
TEST_0431,anger
TEST_0432,anger
TEST_0433,anger
TEST_0434,joy
TEST_0435,joy
TEST_0436,joy
TEST_0437,joy
TEST_0438,surprise
TEST_0439,surprise
TEST_0440,neutral
TEST_0441,neutral
TEST_0442,neutral
TEST_0443,neutral
TEST_0444,neutral
TEST_0445,disgust
TEST_0446,neutral
TEST_0447,joy
TEST_0448,joy
TEST_0449,joy
TEST_0450,joy
TEST_0451,joy
TEST_0452,neutral
TEST_0453,neutral
TEST_0454,neutral
TEST_0455,sadness
TEST_0456,joy
TEST_0457,joy
TEST_0458,joy
TEST_0459,neutral
TEST_0460,neutral
TEST_0461,neutral
TEST_0462,neutral
TEST_0463,neutral
TEST_0464,neutral
TEST_0465,neutral
TEST_0466,neutral
TEST_0467,neutral
TEST_0468,neutral
TEST_0469,neutral
TEST_0470,neutral
TEST_0471,joy
TEST_0472,joy
TEST_0473,joy
TEST_0474,joy
TEST_0475,joy
TEST_0476,joy
TEST_0477,joy
TEST_0478,joy
TEST_0479,joy
TEST_0480,joy
TEST_0481,joy
TEST_0482,joy
TEST_0483,joy
TEST_0484,anger
TEST_0485,neutral
TEST_0486,neutral
TEST_0487,neutral
TEST_0488,neutral
TEST_0489,anger
TEST_0490,anger
TEST_0491,anger
TEST_0492,anger
TEST_0493,anger
TEST_0494,anger
TEST_0495,anger
TEST_0496,neutral
TEST_0497,neutral
TEST_0498,disgust
TEST_0499,sadness
TEST_0500,anger
TEST_0501,sadness
TEST_0502,anger
TEST_0503,anger
TEST_0504,anger
TEST_0505,anger
TEST_0506,anger
TEST_0507,anger
TEST_0508,anger
TEST_0509,anger
TEST_0510,anger
TEST_0511,neutral
TEST_0512,neutral
TEST_0513,neutral
TEST_0514,neutral
TEST_0515,joy
TEST_0516,joy
TEST_0517,joy
TEST_0518,joy
TEST_0519,joy
TEST_0520,disgust
TEST_0521,disgust
TEST_0522,disgust
TEST_0523,disgust
TEST_0524,joy
TEST_0525,joy
TEST_0526,joy
TEST_0527,joy
TEST_0528,joy
TEST_0529,joy
TEST_0530,joy
TEST_0531,joy
TEST_0532,joy
TEST_0533,joy
TEST_0534,neutral
TEST_0535,neutral
TEST_0536,neutral
TEST_0537,neutral
TEST_0538,neutral
TEST_0539,neutral
TEST_0540,anger
TEST_0541,anger
TEST_0542,sadness
TEST_0543,sadness
TEST_0544,anger
TEST_0545,anger
TEST_0546,anger
TEST_0547,neutral
TEST_0548,neutral
TEST_0549,neutral
TEST_0550,neutral
TEST_0551,anger
TEST_0552,anger
TEST_0553,anger
TEST_0554,anger
TEST_0555,anger
TEST_0556,anger
TEST_0557,anger
TEST_0558,anger
TEST_0559,anger
TEST_0560,anger
TEST_0561,anger
TEST_0562,anger
TEST_0563,anger
TEST_0564,anger
TEST_0565,anger
TEST_0566,anger
TEST_0567,anger
TEST_0568,neutral
TEST_0569,neutral
TEST_0570,neutral
TEST_0571,neutral
TEST_0572,neutral
TEST_0573,neutral
TEST_0574,neutral
TEST_0575,neutral
TEST_0576,neutral
TEST_0577,neutral
TEST_0578,neutral
TEST_0579,neutral
TEST_0580,joy
TEST_0581,joy
TEST_0582,joy
TEST_0583,joy
TEST_0584,neutral
TEST_0585,neutral
TEST_0586,neutral
TEST_0587,anger
TEST_0588,anger
TEST_0589,anger
TEST_0590,anger
TEST_0591,anger
TEST_0592,neutral
TEST_0593,joy
TEST_0594,anger
TEST_0595,anger
TEST_0596,neutral
TEST_0597,neutral
TEST_0598,neutral
TEST_0599,neutral
TEST_0600,anger
TEST_0601,anger
TEST_0602,anger
TEST_0603,surprise
TEST_0604,surprise
TEST_0605,surprise
TEST_0606,surprise
TEST_0607,disgust
TEST_0608,disgust
TEST_0609,neutral
TEST_0610,neutral
TEST_0611,neutral
TEST_0612,neutral
TEST_0613,neutral
TEST_0614,neutral
TEST_0615,neutral
TEST_0616,neutral
TEST_0617,neutral
TEST_0618,neutral
TEST_0619,neutral
TEST_0620,neutral
TEST_0621,anger
TEST_0622,anger
TEST_0623,anger
TEST_0624,anger
TEST_0625,anger
TEST_0626,anger
TEST_0627,anger
TEST_0628,anger
TEST_0629,anger
TEST_0630,neutral
TEST_0631,anger
TEST_0632,neutral
TEST_0633,neutral
TEST_0634,neutral
TEST_0635,joy
TEST_0636,joy
TEST_0637,joy
TEST_0638,joy
TEST_0639,joy
TEST_0640,joy
TEST_0641,joy
TEST_0642,joy
TEST_0643,joy
TEST_0644,joy
TEST_0645,joy
TEST_0646,neutral
TEST_0647,neutral
TEST_0648,neutral
TEST_0649,anger
TEST_0650,anger
TEST_0651,neutral
TEST_0652,neutral
TEST_0653,neutral
TEST_0654,neutral
TEST_0655,neutral
TEST_0656,anger
TEST_0657,anger
TEST_0658,anger
TEST_0659,anger
TEST_0660,anger
TEST_0661,anger
TEST_0662,anger
TEST_0663,anger
TEST_0664,anger
TEST_0665,disgust
TEST_0666,disgust
TEST_0667,disgust
TEST_0668,disgust
TEST_0669,disgust
TEST_0670,surprise
TEST_0671,surprise
TEST_0672,surprise
TEST_0673,joy
TEST_0674,neutral
TEST_0675,neutral
TEST_0676,neutral
TEST_0677,neutral
TEST_0678,neutral
TEST_0679,neutral
TEST_0680,neutral
TEST_0681,neutral
TEST_0682,neutral
TEST_0683,neutral
TEST_0684,neutral
TEST_0685,neutral
TEST_0686,neutral
TEST_0687,joy
TEST_0688,joy
TEST_0689,joy
TEST_0690,joy
TEST_0691,joy
TEST_0692,joy
TEST_0693,joy
TEST_0694,joy
TEST_0695,surprise
TEST_0696,neutral
TEST_0697,joy
TEST_0698,joy
TEST_0699,joy
TEST_0700,joy
TEST_0701,joy
TEST_0702,joy
TEST_0703,joy
TEST_0704,surprise
TEST_0705,surprise
TEST_0706,neutral
TEST_0707,anger
TEST_0708,anger
TEST_0709,surprise
TEST_0710,neutral
TEST_0711,surprise
TEST_0712,neutral
TEST_0713,neutral
TEST_0714,neutral
TEST_0715,neutral
TEST_0716,neutral
TEST_0717,neutral
TEST_0718,neutral
TEST_0719,neutral
TEST_0720,neutral
TEST_0721,surprise
TEST_0722,anger
TEST_0723,anger
TEST_0724,anger
TEST_0725,anger
TEST_0726,anger
TEST_0727,anger
TEST_0728,anger
TEST_0729,anger
TEST_0730,anger
TEST_0731,anger
TEST_0732,neutral
TEST_0733,neutral
TEST_0734,sadness
TEST_0735,sadness
TEST_0736,sadness
TEST_0737,sadness
TEST_0738,sadness
TEST_0739,anger
TEST_0740,anger
TEST_0741,anger
TEST_0742,sadness
TEST_0743,sadness
TEST_0744,anger
TEST_0745,neutral
TEST_0746,neutral
TEST_0747,joy
TEST_0748,neutral
TEST_0749,joy
TEST_0750,fear
TEST_0751,fear
TEST_0752,fear
TEST_0753,fear
TEST_0754,neutral
TEST_0755,neutral
TEST_0756,neutral
TEST_0757,neutral
TEST_0758,neutral
TEST_0759,joy
TEST_0760,joy
TEST_0761,joy
TEST_0762,neutral
TEST_0763,neutral
TEST_0764,joy
TEST_0765,joy
TEST_0766,joy
TEST_0767,joy
TEST_0768,sadness
TEST_0769,disgust
TEST_0770,anger
TEST_0771,anger
TEST_0772,anger
TEST_0773,anger
TEST_0774,sadness
TEST_0775,sadness
TEST_0776,sadness
TEST_0777,sadness
TEST_0778,neutral
TEST_0779,neutral
TEST_0780,neutral
TEST_0781,neutral
TEST_0782,surprise
TEST_0783,surprise
TEST_0784,disgust
TEST_0785,disgust
TEST_0786,disgust
TEST_0787,neutral
TEST_0788,joy
TEST_0789,joy
TEST_0790,joy
TEST_0791,joy
TEST_0792,joy
TEST_0793,joy
TEST_0794,sadness
TEST_0795,sadness
TEST_0796,sadness
TEST_0797,sadness
TEST_0798,sadness
TEST_0799,sadness
TEST_0800,sadness
TEST_0801,sadness
TEST_0802,sadness
TEST_0803,sadness
TEST_0804,sadness
TEST_0805,sadness
TEST_0806,sadness
TEST_0807,neutral
TEST_0808,neutral
TEST_0809,anger
TEST_0810,joy
TEST_0811,joy
TEST_0812,joy
TEST_0813,joy
TEST_0814,joy
TEST_0815,joy
TEST_0816,joy
TEST_0817,joy
TEST_0818,joy
TEST_0819,joy
TEST_0820,joy
TEST_0821,joy
TEST_0822,joy
TEST_0823,joy
TEST_0824,joy
TEST_0825,joy
TEST_0826,joy
TEST_0827,joy
TEST_0828,joy
TEST_0829,joy
TEST_0830,neutral
TEST_0831,neutral
TEST_0832,neutral
TEST_0833,disgust
TEST_0834,surprise
TEST_0835,surprise
TEST_0836,surprise
TEST_0837,surprise
TEST_0838,surprise
TEST_0839,anger
TEST_0840,surprise
TEST_0841,surprise
TEST_0842,surprise
TEST_0843,surprise
TEST_0844,anger
TEST_0845,anger
TEST_0846,anger
TEST_0847,anger
TEST_0848,anger
TEST_0849,anger
TEST_0850,anger
TEST_0851,joy
TEST_0852,joy
TEST_0853,joy
TEST_0854,disgust
TEST_0855,disgust
TEST_0856,surprise
TEST_0857,disgust
TEST_0858,disgust
TEST_0859,anger
TEST_0860,anger
TEST_0861,anger
TEST_0862,joy
TEST_0863,joy
TEST_0864,joy
TEST_0865,surprise
TEST_0866,surprise
TEST_0867,surprise
TEST_0868,surprise
TEST_0869,surprise
TEST_0870,surprise
TEST_0871,surprise
TEST_0872,surprise
TEST_0873,surprise
TEST_0874,neutral
TEST_0875,neutral
TEST_0876,neutral
TEST_0877,neutral
TEST_0878,neutral
TEST_0879,surprise
TEST_0880,surprise
TEST_0881,neutral
TEST_0882,neutral
TEST_0883,neutral
TEST_0884,neutral
TEST_0885,neutral
TEST_0886,neutral
TEST_0887,neutral
TEST_0888,neutral
TEST_0889,neutral
TEST_0890,neutral
TEST_0891,neutral
TEST_0892,neutral
TEST_0893,neutral
TEST_0894,neutral
TEST_0895,neutral
TEST_0896,neutral
TEST_0897,neutral
TEST_0898,neutral
TEST_0899,neutral
TEST_0900,neutral
TEST_0901,neutral
TEST_0902,neutral
TEST_0903,neutral
TEST_0904,neutral
TEST_0905,joy
TEST_0906,neutral
TEST_0907,neutral
TEST_0908,neutral
TEST_0909,neutral
TEST_0910,neutral
TEST_0911,neutral
TEST_0912,neutral
TEST_0913,neutral
TEST_0914,joy
TEST_0915,neutral
TEST_0916,neutral
TEST_0917,anger
TEST_0918,anger
TEST_0919,joy
TEST_0920,neutral
TEST_0921,neutral
TEST_0922,neutral
TEST_0923,neutral
TEST_0924,neutral
TEST_0925,joy
TEST_0926,joy
TEST_0927,joy
TEST_0928,anger
TEST_0929,neutral
TEST_0930,joy
TEST_0931,disgust
TEST_0932,disgust
TEST_0933,surprise
TEST_0934,surprise
TEST_0935,neutral
TEST_0936,neutral
TEST_0937,neutral
TEST_0938,neutral
TEST_0939,neutral
TEST_0940,neutral
TEST_0941,neutral
TEST_0942,neutral
TEST_0943,neutral
TEST_0944,neutral
TEST_0945,neutral
TEST_0946,neutral
TEST_0947,neutral
TEST_0948,anger
TEST_0949,anger
TEST_0950,anger
TEST_0951,anger
TEST_0952,anger
TEST_0953,disgust
TEST_0954,anger
TEST_0955,anger
TEST_0956,neutral
TEST_0957,neutral
TEST_0958,neutral
TEST_0959,neutral
TEST_0960,neutral
TEST_0961,neutral
TEST_0962,neutral
TEST_0963,neutral
TEST_0964,surprise
TEST_0965,surprise
TEST_0966,surprise
TEST_0967,neutral
TEST_0968,surprise
TEST_0969,joy
TEST_0970,disgust
TEST_0971,disgust
TEST_0972,anger
TEST_0973,neutral
TEST_0974,neutral
TEST_0975,neutral
TEST_0976,joy
TEST_0977,joy
TEST_0978,joy
TEST_0979,anger
TEST_0980,anger
TEST_0981,anger
TEST_0982,anger
TEST_0983,anger
TEST_0984,anger
TEST_0985,anger
TEST_0986,anger
TEST_0987,anger
TEST_0988,anger
TEST_0989,anger
TEST_0990,neutral
TEST_0991,neutral
TEST_0992,sadness
TEST_0993,joy
TEST_0994,joy
TEST_0995,anger
TEST_0996,joy
TEST_0997,joy
TEST_0998,joy
TEST_0999,joy
TEST_1000,joy
TEST_1001,joy
TEST_1002,joy
TEST_1003,joy
TEST_1004,surprise
TEST_1005,surprise
TEST_1006,joy
TEST_1007,joy
TEST_1008,joy
TEST_1009,joy
TEST_1010,anger
TEST_1011,anger
TEST_1012,anger
TEST_1013,anger
TEST_1014,anger
TEST_1015,anger
TEST_1016,anger
TEST_1017,anger
TEST_1018,anger
TEST_1019,anger
TEST_1020,anger
TEST_1021,anger
TEST_1022,anger
TEST_1023,anger
TEST_1024,anger
TEST_1025,anger
TEST_1026,anger
TEST_1027,neutral
TEST_1028,neutral
TEST_1029,surprise
TEST_1030,anger
TEST_1031,surprise
TEST_1032,anger
TEST_1033,neutral
TEST_1034,neutral
TEST_1035,neutral
TEST_1036,neutral
TEST_1037,neutral
TEST_1038,neutral
TEST_1039,neutral
TEST_1040,neutral
TEST_1041,neutral
TEST_1042,neutral
TEST_1043,neutral
TEST_1044,neutral
TEST_1045,neutral
TEST_1046,neutral
TEST_1047,neutral
TEST_1048,neutral
TEST_1049,neutral
TEST_1050,neutral
TEST_1051,neutral
TEST_1052,neutral
TEST_1053,neutral
TEST_1054,neutral
TEST_1055,neutral
TEST_1056,neutral
TEST_1057,neutral
TEST_1058,neutral
TEST_1059,neutral
TEST_1060,neutral
TEST_1061,neutral
TEST_1062,neutral
TEST_1063,neutral
TEST_1064,anger
TEST_1065,sadness
TEST_1066,sadness
TEST_1067,fear
TEST_1068,fear
TEST_1069,fear
TEST_1070,fear
TEST_1071,anger
TEST_1072,neutral
TEST_1073,neutral
TEST_1074,sadness
TEST_1075,surprise
TEST_1076,surprise
TEST_1077,anger
TEST_1078,anger
TEST_1079,joy
TEST_1080,joy
TEST_1081,joy
TEST_1082,joy
TEST_1083,joy
TEST_1084,joy
TEST_1085,joy
TEST_1086,joy
TEST_1087,joy
TEST_1088,joy
TEST_1089,joy
TEST_1090,joy
TEST_1091,joy
TEST_1092,joy
TEST_1093,joy
TEST_1094,joy
TEST_1095,joy
TEST_1096,joy
TEST_1097,anger
TEST_1098,joy
TEST_1099,joy
TEST_1100,joy
TEST_1101,neutral
TEST_1102,joy
TEST_1103,joy
TEST_1104,anger
TEST_1105,anger
TEST_1106,anger
TEST_1107,anger
TEST_1108,anger
TEST_1109,neutral
TEST_1110,neutral
TEST_1111,anger
TEST_1112,anger
TEST_1113,anger
TEST_1114,anger
TEST_1115,anger
TEST_1116,anger
TEST_1117,anger
TEST_1118,anger
TEST_1119,anger
TEST_1120,anger
TEST_1121,anger
TEST_1122,anger
TEST_1123,anger
TEST_1124,anger
TEST_1125,neutral
TEST_1126,neutral
TEST_1127,neutral
TEST_1128,anger
TEST_1129,sadness
TEST_1130,neutral
TEST_1131,neutral
TEST_1132,neutral
TEST_1133,sadness
TEST_1134,anger
TEST_1135,anger
TEST_1136,anger
TEST_1137,anger
TEST_1138,anger
TEST_1139,joy
TEST_1140,joy
TEST_1141,neutral
TEST_1142,joy
TEST_1143,joy
TEST_1144,joy
TEST_1145,joy
TEST_1146,joy
TEST_1147,joy
TEST_1148,joy
TEST_1149,joy
TEST_1150,joy
TEST_1151,joy
TEST_1152,sadness
TEST_1153,joy
TEST_1154,anger
TEST_1155,anger
TEST_1156,anger
TEST_1157,anger
TEST_1158,anger
TEST_1159,anger
TEST_1160,anger
TEST_1161,anger
TEST_1162,sadness
TEST_1163,neutral
TEST_1164,joy
TEST_1165,joy
TEST_1166,neutral
TEST_1167,disgust
TEST_1168,neutral
TEST_1169,neutral
TEST_1170,neutral
TEST_1171,surprise
TEST_1172,surprise
TEST_1173,surprise
TEST_1174,surprise
TEST_1175,surprise
TEST_1176,surprise
TEST_1177,neutral
TEST_1178,neutral
TEST_1179,surprise
TEST_1180,neutral
TEST_1181,neutral
TEST_1182,neutral
TEST_1183,neutral
TEST_1184,neutral
TEST_1185,neutral
TEST_1186,neutral
TEST_1187,neutral
TEST_1188,joy
TEST_1189,joy
TEST_1190,joy
TEST_1191,joy
TEST_1192,joy
TEST_1193,joy
TEST_1194,joy
TEST_1195,joy
TEST_1196,joy
TEST_1197,neutral
TEST_1198,anger
TEST_1199,anger
TEST_1200,joy
TEST_1201,neutral
TEST_1202,joy
TEST_1203,neutral
TEST_1204,neutral
TEST_1205,neutral
TEST_1206,neutral
TEST_1207,neutral
TEST_1208,neutral
TEST_1209,neutral
TEST_1210,neutral
TEST_1211,neutral
TEST_1212,joy
TEST_1213,neutral
TEST_1214,neutral
TEST_1215,neutral
TEST_1216,neutral
TEST_1217,neutral
TEST_1218,neutral
TEST_1219,anger
TEST_1220,neutral
TEST_1221,neutral
TEST_1222,joy
TEST_1223,joy
TEST_1224,joy
TEST_1225,joy
TEST_1226,joy
TEST_1227,joy
TEST_1228,joy
TEST_1229,sadness
TEST_1230,neutral
TEST_1231,neutral
TEST_1232,neutral
TEST_1233,neutral
TEST_1234,neutral
TEST_1235,neutral
TEST_1236,neutral
TEST_1237,neutral
TEST_1238,neutral
TEST_1239,neutral
TEST_1240,surprise
TEST_1241,anger
TEST_1242,anger
TEST_1243,anger
TEST_1244,anger
TEST_1245,anger
TEST_1246,anger
TEST_1247,anger
TEST_1248,anger
TEST_1249,anger
TEST_1250,joy
TEST_1251,joy
TEST_1252,joy
TEST_1253,joy
TEST_1254,joy
TEST_1255,joy
TEST_1256,joy
TEST_1257,joy
TEST_1258,joy
TEST_1259,joy
TEST_1260,joy
TEST_1261,surprise
TEST_1262,joy
TEST_1263,surprise
TEST_1264,surprise
TEST_1265,surprise
TEST_1266,neutral
TEST_1267,neutral
TEST_1268,sadness
TEST_1269,sadness
TEST_1270,neutral
TEST_1271,neutral
TEST_1272,neutral
TEST_1273,neutral
TEST_1274,joy
TEST_1275,joy
TEST_1276,joy
TEST_1277,sadness
TEST_1278,anger
TEST_1279,anger
TEST_1280,anger
TEST_1281,anger
TEST_1282,disgust
TEST_1283,disgust
TEST_1284,disgust
TEST_1285,disgust
TEST_1286,surprise
TEST_1287,surprise
TEST_1288,surprise
TEST_1289,surprise
TEST_1290,surprise
TEST_1291,surprise
TEST_1292,neutral
TEST_1293,neutral
TEST_1294,anger
TEST_1295,surprise
TEST_1296,anger
TEST_1297,anger
TEST_1298,anger
TEST_1299,anger
TEST_1300,anger
TEST_1301,joy
TEST_1302,joy
TEST_1303,anger
TEST_1304,anger
TEST_1305,anger
TEST_1306,joy
TEST_1307,joy
TEST_1308,sadness
TEST_1309,sadness
TEST_1310,sadness
TEST_1311,sadness
TEST_1312,sadness
TEST_1313,sadness
TEST_1314,sadness
TEST_1315,sadness
TEST_1316,sadness
TEST_1317,sadness
TEST_1318,sadness
TEST_1319,sadness
TEST_1320,sadness
TEST_1321,sadness
TEST_1322,sadness
TEST_1323,neutral
TEST_1324,neutral
TEST_1325,neutral
TEST_1326,neutral
TEST_1327,neutral
TEST_1328,neutral
TEST_1329,neutral
TEST_1330,joy
TEST_1331,joy
TEST_1332,joy
TEST_1333,joy
TEST_1334,joy
TEST_1335,joy
TEST_1336,joy
TEST_1337,joy
TEST_1338,joy
TEST_1339,surprise
TEST_1340,anger
TEST_1341,anger
TEST_1342,surprise
TEST_1343,surprise
TEST_1344,anger
TEST_1345,surprise
TEST_1346,surprise
TEST_1347,surprise
TEST_1348,surprise
TEST_1349,surprise
TEST_1350,surprise
TEST_1351,surprise
TEST_1352,surprise
TEST_1353,surprise
TEST_1354,joy
TEST_1355,joy
TEST_1356,surprise
TEST_1357,surprise
TEST_1358,anger
TEST_1359,anger
TEST_1360,surprise
TEST_1361,surprise
TEST_1362,anger
TEST_1363,anger
TEST_1364,anger
TEST_1365,anger
TEST_1366,anger
TEST_1367,anger
TEST_1368,neutral
TEST_1369,neutral
TEST_1370,neutral
TEST_1371,anger
TEST_1372,anger
TEST_1373,anger
TEST_1374,anger
TEST_1375,anger
TEST_1376,anger
TEST_1377,anger
TEST_1378,anger
TEST_1379,anger
TEST_1380,anger
TEST_1381,anger
TEST_1382,anger
TEST_1383,anger
TEST_1384,anger
TEST_1385,sadness
TEST_1386,neutral
TEST_1387,neutral
TEST_1388,anger
TEST_1389,neutral
TEST_1390,anger
TEST_1391,anger
TEST_1392,anger
TEST_1393,anger
TEST_1394,anger
TEST_1395,surprise
TEST_1396,anger
TEST_1397,joy
TEST_1398,joy
TEST_1399,neutral
TEST_1400,neutral
TEST_1401,neutral
TEST_1402,neutral
TEST_1403,anger
TEST_1404,neutral
TEST_1405,neutral
TEST_1406,neutral
TEST_1407,neutral
TEST_1408,neutral
TEST_1409,neutral
TEST_1410,neutral
TEST_1411,neutral
TEST_1412,neutral
TEST_1413,neutral
TEST_1414,neutral
TEST_1415,neutral
TEST_1416,joy
TEST_1417,joy
TEST_1418,joy
TEST_1419,joy
TEST_1420,joy
TEST_1421,joy
TEST_1422,joy
TEST_1423,joy
TEST_1424,joy
TEST_1425,joy
TEST_1426,joy
TEST_1427,joy
TEST_1428,surprise
TEST_1429,surprise
TEST_1430,surprise
TEST_1431,surprise
TEST_1432,joy
TEST_1433,joy
TEST_1434,sadness
TEST_1435,sadness
TEST_1436,sadness
TEST_1437,neutral
TEST_1438,sadness
TEST_1439,anger
TEST_1440,surprise
TEST_1441,sadness
TEST_1442,anger
TEST_1443,anger
TEST_1444,sadness
TEST_1445,sadness
TEST_1446,joy
TEST_1447,neutral
TEST_1448,neutral
TEST_1449,sadness
TEST_1450,anger
TEST_1451,anger
TEST_1452,anger
TEST_1453,anger
TEST_1454,anger
TEST_1455,anger
TEST_1456,anger
TEST_1457,anger
TEST_1458,anger
TEST_1459,anger
TEST_1460,anger
TEST_1461,anger
TEST_1462,joy
TEST_1463,neutral
TEST_1464,neutral
TEST_1465,neutral
TEST_1466,joy
TEST_1467,neutral
TEST_1468,neutral
TEST_1469,neutral
TEST_1470,neutral
TEST_1471,neutral
TEST_1472,surprise
TEST_1473,surprise
TEST_1474,surprise
TEST_1475,anger
TEST_1476,surprise
TEST_1477,neutral
TEST_1478,neutral
TEST_1479,surprise
TEST_1480,anger
TEST_1481,anger
TEST_1482,anger
TEST_1483,anger
TEST_1484,anger
TEST_1485,anger
TEST_1486,anger
TEST_1487,anger
TEST_1488,anger
TEST_1489,anger
TEST_1490,anger
TEST_1491,anger
TEST_1492,anger
TEST_1493,neutral
TEST_1494,neutral
TEST_1495,neutral
TEST_1496,neutral
TEST_1497,joy
TEST_1498,joy
TEST_1499,joy
TEST_1500,joy
TEST_1501,joy
TEST_1502,joy
TEST_1503,joy
TEST_1504,joy
TEST_1505,joy
TEST_1506,joy
TEST_1507,sadness
TEST_1508,sadness
TEST_1509,sadness
TEST_1510,anger
TEST_1511,joy
TEST_1512,joy
TEST_1513,joy
TEST_1514,joy
TEST_1515,joy
TEST_1516,joy
TEST_1517,joy
TEST_1518,joy
TEST_1519,joy
TEST_1520,joy
TEST_1521,neutral
TEST_1522,neutral
TEST_1523,neutral
TEST_1524,neutral
TEST_1525,neutral
TEST_1526,joy
TEST_1527,disgust
TEST_1528,disgust
TEST_1529,disgust
TEST_1530,anger
TEST_1531,surprise
TEST_1532,surprise
TEST_1533,surprise
TEST_1534,surprise
TEST_1535,surprise
TEST_1536,surprise
TEST_1537,neutral
TEST_1538,neutral
TEST_1539,neutral
TEST_1540,neutral
TEST_1541,anger
TEST_1542,anger
TEST_1543,neutral
TEST_1544,neutral
TEST_1545,anger
TEST_1546,neutral
TEST_1547,neutral
TEST_1548,neutral
TEST_1549,neutral
TEST_1550,neutral
TEST_1551,neutral
TEST_1552,neutral
TEST_1553,neutral
TEST_1554,neutral
TEST_1555,neutral
TEST_1556,surprise
TEST_1557,surprise
TEST_1558,surprise
TEST_1559,anger
TEST_1560,surprise
TEST_1561,surprise
TEST_1562,surprise
TEST_1563,anger
TEST_1564,anger
TEST_1565,anger
TEST_1566,neutral
TEST_1567,neutral
TEST_1568,neutral
TEST_1569,neutral
TEST_1570,neutral
TEST_1571,neutral
TEST_1572,neutral
TEST_1573,neutral
TEST_1574,neutral
TEST_1575,neutral
TEST_1576,neutral
TEST_1577,neutral
TEST_1578,neutral
TEST_1579,neutral
TEST_1580,neutral
TEST_1581,anger
TEST_1582,anger
TEST_1583,anger
TEST_1584,anger
TEST_1585,surprise
TEST_1586,joy
TEST_1587,anger
TEST_1588,anger
TEST_1589,anger
TEST_1590,anger
TEST_1591,anger
TEST_1592,anger
TEST_1593,anger
TEST_1594,anger
TEST_1595,anger
TEST_1596,anger
TEST_1597,anger
TEST_1598,anger
TEST_1599,anger
TEST_1600,surprise
TEST_1601,anger
TEST_1602,surprise
TEST_1603,surprise
TEST_1604,surprise
TEST_1605,surprise
TEST_1606,surprise
TEST_1607,surprise
TEST_1608,surprise
TEST_1609,surprise
TEST_1610,surprise
TEST_1611,surprise
TEST_1612,disgust
TEST_1613,anger
TEST_1614,anger
TEST_1615,neutral
TEST_1616,neutral
TEST_1617,neutral
TEST_1618,neutral
TEST_1619,neutral
TEST_1620,anger
TEST_1621,joy
TEST_1622,neutral
TEST_1623,anger
TEST_1624,anger
TEST_1625,neutral
TEST_1626,joy
TEST_1627,neutral
TEST_1628,neutral
TEST_1629,neutral
TEST_1630,neutral
TEST_1631,neutral
TEST_1632,neutral
TEST_1633,anger
TEST_1634,anger
TEST_1635,anger
TEST_1636,anger
TEST_1637,anger
TEST_1638,anger
TEST_1639,anger
TEST_1640,anger
TEST_1641,anger
TEST_1642,anger
TEST_1643,anger
TEST_1644,sadness
TEST_1645,sadness
TEST_1646,neutral
TEST_1647,neutral
TEST_1648,neutral
TEST_1649,joy
TEST_1650,joy
TEST_1651,joy
TEST_1652,joy
TEST_1653,joy
TEST_1654,joy
TEST_1655,joy
TEST_1656,joy
TEST_1657,joy
TEST_1658,joy
TEST_1659,joy
TEST_1660,joy
TEST_1661,joy
TEST_1662,sadness
TEST_1663,neutral
TEST_1664,neutral
TEST_1665,neutral
TEST_1666,neutral
TEST_1667,neutral
TEST_1668,neutral
TEST_1669,neutral
TEST_1670,anger
TEST_1671,anger
TEST_1672,anger
TEST_1673,anger
TEST_1674,anger
TEST_1675,anger
TEST_1676,anger
TEST_1677,anger
TEST_1678,anger
TEST_1679,anger
TEST_1680,anger
TEST_1681,anger
TEST_1682,anger
TEST_1683,anger
TEST_1684,anger
TEST_1685,anger
TEST_1686,neutral
TEST_1687,joy
TEST_1688,neutral
TEST_1689,neutral
TEST_1690,neutral
TEST_1691,neutral
TEST_1692,neutral
TEST_1693,neutral
TEST_1694,neutral
TEST_1695,neutral
TEST_1696,neutral
TEST_1697,neutral
TEST_1698,neutral
TEST_1699,neutral
TEST_1700,neutral
TEST_1701,anger
TEST_1702,anger
TEST_1703,anger
TEST_1704,anger
TEST_1705,neutral
TEST_1706,neutral
TEST_1707,neutral
TEST_1708,neutral
TEST_1709,joy
TEST_1710,joy
TEST_1711,joy
TEST_1712,joy
TEST_1713,joy
TEST_1714,neutral
TEST_1715,neutral
TEST_1716,neutral
TEST_1717,joy
TEST_1718,joy
TEST_1719,joy
TEST_1720,joy
TEST_1721,joy
TEST_1722,anger
TEST_1723,anger
TEST_1724,anger
TEST_1725,anger
TEST_1726,anger
TEST_1727,anger
TEST_1728,anger
TEST_1729,anger
TEST_1730,anger
TEST_1731,neutral
TEST_1732,neutral
TEST_1733,neutral
TEST_1734,neutral
TEST_1735,neutral
TEST_1736,neutral
TEST_1737,neutral
TEST_1738,neutral
TEST_1739,neutral
TEST_1740,disgust
TEST_1741,disgust
TEST_1742,disgust
TEST_1743,disgust
TEST_1744,disgust
TEST_1745,disgust
TEST_1746,surprise
TEST_1747,disgust
TEST_1748,disgust
TEST_1749,surprise
TEST_1750,surprise
TEST_1751,surprise
TEST_1752,surprise
TEST_1753,surprise
TEST_1754,surprise
TEST_1755,neutral
TEST_1756,neutral
TEST_1757,anger
TEST_1758,anger
TEST_1759,anger
TEST_1760,anger
TEST_1761,anger
TEST_1762,neutral
TEST_1763,neutral
TEST_1764,joy
TEST_1765,neutral
TEST_1766,sadness
TEST_1767,neutral
TEST_1768,neutral
TEST_1769,neutral
TEST_1770,neutral
TEST_1771,joy
TEST_1772,joy
TEST_1773,joy
TEST_1774,joy
TEST_1775,joy
TEST_1776,neutral
TEST_1777,neutral
TEST_1778,neutral
TEST_1779,neutral
TEST_1780,neutral
TEST_1781,neutral
TEST_1782,neutral
TEST_1783,neutral
TEST_1784,neutral
TEST_1785,joy
TEST_1786,joy
TEST_1787,joy
TEST_1788,joy
TEST_1789,joy
TEST_1790,joy
TEST_1791,joy
TEST_1792,joy
TEST_1793,joy
TEST_1794,joy
TEST_1795,joy
TEST_1796,joy
TEST_1797,joy
TEST_1798,neutral
TEST_1799,neutral
TEST_1800,neutral
TEST_1801,neutral
TEST_1802,neutral
TEST_1803,neutral
TEST_1804,neutral
TEST_1805,neutral
TEST_1806,neutral
TEST_1807,neutral
TEST_1808,neutral
TEST_1809,neutral
TEST_1810,neutral
TEST_1811,neutral
TEST_1812,anger
TEST_1813,anger
TEST_1814,anger
TEST_1815,fear
TEST_1816,anger
TEST_1817,anger
TEST_1818,anger
TEST_1819,anger
TEST_1820,anger
TEST_1821,anger
TEST_1822,joy
TEST_1823,joy
TEST_1824,joy
TEST_1825,neutral
TEST_1826,neutral
TEST_1827,neutral
TEST_1828,neutral
TEST_1829,surprise
TEST_1830,sadness
TEST_1831,surprise
TEST_1832,neutral
TEST_1833,neutral
TEST_1834,neutral
TEST_1835,sadness
TEST_1836,fear
TEST_1837,fear
TEST_1838,sadness
TEST_1839,sadness
TEST_1840,joy
TEST_1841,joy
TEST_1842,joy
TEST_1843,neutral
TEST_1844,anger
TEST_1845,anger
TEST_1846,anger
TEST_1847,anger
TEST_1848,anger
TEST_1849,anger
TEST_1850,anger
TEST_1851,anger
TEST_1852,anger
TEST_1853,anger
TEST_1854,anger
TEST_1855,anger
TEST_1856,anger
TEST_1857,anger
TEST_1858,anger
TEST_1859,anger
TEST_1860,anger
TEST_1861,anger
TEST_1862,neutral
TEST_1863,neutral
TEST_1864,neutral
TEST_1865,neutral
TEST_1866,neutral
TEST_1867,neutral
TEST_1868,joy
TEST_1869,joy
TEST_1870,joy
TEST_1871,anger
TEST_1872,anger
TEST_1873,anger
TEST_1874,anger
TEST_1875,anger
TEST_1876,anger
TEST_1877,anger
TEST_1878,anger
TEST_1879,anger
TEST_1880,neutral
TEST_1881,neutral
TEST_1882,neutral
TEST_1883,neutral
TEST_1884,neutral
TEST_1885,neutral
TEST_1886,joy
TEST_1887,sadness
TEST_1888,sadness
TEST_1889,sadness
TEST_1890,sadness
TEST_1891,sadness
TEST_1892,sadness
TEST_1893,sadness
TEST_1894,sadness
TEST_1895,sadness
TEST_1896,surprise
TEST_1897,surprise
TEST_1898,anger
TEST_1899,anger
TEST_1900,anger
TEST_1901,neutral
TEST_1902,neutral
TEST_1903,neutral
TEST_1904,neutral
TEST_1905,neutral
TEST_1906,neutral
TEST_1907,neutral
TEST_1908,neutral
TEST_1909,neutral
TEST_1910,neutral
TEST_1911,anger
TEST_1912,anger
TEST_1913,surprise
TEST_1914,surprise
TEST_1915,surprise
TEST_1916,surprise
TEST_1917,surprise
TEST_1918,joy
TEST_1919,joy
TEST_1920,joy
TEST_1921,neutral
TEST_1922,neutral
TEST_1923,sadness
TEST_1924,joy
TEST_1925,joy
TEST_1926,joy
TEST_1927,joy
TEST_1928,joy
TEST_1929,joy
TEST_1930,joy
TEST_1931,joy
TEST_1932,joy
TEST_1933,joy
TEST_1934,anger
TEST_1935,anger
TEST_1936,anger
TEST_1937,anger
TEST_1938,anger
TEST_1939,anger
TEST_1940,anger
TEST_1941,anger
TEST_1942,anger
TEST_1943,anger
TEST_1944,surprise
TEST_1945,disgust
TEST_1946,joy
TEST_1947,disgust
TEST_1948,surprise
TEST_1949,surprise
TEST_1950,disgust
TEST_1951,disgust
TEST_1952,joy
TEST_1953,joy
TEST_1954,joy
TEST_1955,joy
TEST_1956,joy
TEST_1957,joy
TEST_1958,disgust
TEST_1959,neutral
TEST_1960,neutral
TEST_1961,surprise
TEST_1962,surprise
TEST_1963,surprise
TEST_1964,neutral
TEST_1965,neutral
TEST_1966,neutral
TEST_1967,sadness
TEST_1968,surprise
TEST_1969,disgust
TEST_1970,sadness
TEST_1971,sadness
TEST_1972,sadness
TEST_1973,surprise
TEST_1974,surprise
TEST_1975,neutral
TEST_1976,neutral
TEST_1977,anger
TEST_1978,anger
TEST_1979,joy
TEST_1980,joy
TEST_1981,joy
TEST_1982,joy
TEST_1983,joy
TEST_1984,joy
TEST_1985,anger
TEST_1986,anger
TEST_1987,anger
TEST_1988,anger
TEST_1989,surprise
TEST_1990,surprise
TEST_1991,surprise
TEST_1992,surprise
TEST_1993,neutral
TEST_1994,joy
TEST_1995,neutral
TEST_1996,joy
TEST_1997,joy
TEST_1998,neutral
TEST_1999,neutral
TEST_2000,sadness
TEST_2001,neutral
TEST_2002,neutral
TEST_2003,neutral
TEST_2004,neutral
TEST_2005,neutral
TEST_2006,neutral
TEST_2007,neutral
TEST_2008,neutral
TEST_2009,neutral
TEST_2010,neutral
TEST_2011,neutral
TEST_2012,sadness
TEST_2013,sadness
TEST_2014,anger
TEST_2015,neutral
TEST_2016,neutral
TEST_2017,sadness
TEST_2018,anger
TEST_2019,sadness
TEST_2020,surprise
TEST_2021,neutral
TEST_2022,joy
TEST_2023,neutral
TEST_2024,neutral
TEST_2025,neutral
TEST_2026,neutral
TEST_2027,sadness
TEST_2028,neutral
TEST_2029,neutral
TEST_2030,neutral
TEST_2031,joy
TEST_2032,joy
TEST_2033,joy
TEST_2034,joy
TEST_2035,anger
TEST_2036,surprise
TEST_2037,surprise
TEST_2038,surprise
TEST_2039,surprise
TEST_2040,surprise
TEST_2041,surprise
TEST_2042,surprise
TEST_2043,surprise
TEST_2044,surprise
TEST_2045,surprise
TEST_2046,surprise
TEST_2047,fear
TEST_2048,neutral
TEST_2049,neutral
TEST_2050,neutral
TEST_2051,surprise
TEST_2052,surprise
TEST_2053,surprise
TEST_2054,neutral
TEST_2055,neutral
TEST_2056,neutral
TEST_2057,neutral
TEST_2058,neutral
TEST_2059,neutral
TEST_2060,neutral
TEST_2061,neutral
TEST_2062,neutral
TEST_2063,neutral
TEST_2064,surprise
TEST_2065,surprise
TEST_2066,joy
TEST_2067,joy
TEST_2068,joy
TEST_2069,neutral
TEST_2070,joy
TEST_2071,joy
TEST_2072,joy
TEST_2073,joy
TEST_2074,neutral
TEST_2075,neutral
TEST_2076,neutral
TEST_2077,neutral
TEST_2078,neutral
TEST_2079,joy
TEST_2080,neutral
TEST_2081,neutral
TEST_2082,neutral
TEST_2083,neutral
TEST_2084,neutral
TEST_2085,neutral
TEST_2086,neutral
TEST_2087,neutral
TEST_2088,neutral
TEST_2089,neutral
TEST_2090,neutral
TEST_2091,neutral
TEST_2092,neutral
TEST_2093,neutral
TEST_2094,neutral
TEST_2095,neutral
TEST_2096,neutral
TEST_2097,neutral
TEST_2098,neutral
TEST_2099,neutral
TEST_2100,neutral
TEST_2101,neutral
TEST_2102,neutral
TEST_2103,neutral
TEST_2104,neutral
TEST_2105,anger
TEST_2106,anger
TEST_2107,anger
TEST_2108,neutral
TEST_2109,neutral
TEST_2110,neutral
TEST_2111,neutral
TEST_2112,neutral
TEST_2113,anger
TEST_2114,anger
TEST_2115,anger
TEST_2116,disgust
TEST_2117,anger
TEST_2118,anger
TEST_2119,anger
TEST_2120,anger
TEST_2121,surprise
TEST_2122,neutral
TEST_2123,neutral
TEST_2124,neutral
TEST_2125,neutral
TEST_2126,joy
TEST_2127,joy
TEST_2128,joy
TEST_2129,joy
TEST_2130,disgust
TEST_2131,joy
TEST_2132,neutral
TEST_2133,neutral
TEST_2134,disgust
TEST_2135,neutral
TEST_2136,neutral
TEST_2137,neutral
TEST_2138,neutral
TEST_2139,anger
TEST_2140,disgust
TEST_2141,neutral
TEST_2142,neutral
TEST_2143,neutral
TEST_2144,neutral
TEST_2145,neutral
TEST_2146,neutral
TEST_2147,neutral
TEST_2148,joy
TEST_2149,anger
TEST_2150,anger
TEST_2151,anger
TEST_2152,anger
TEST_2153,anger
TEST_2154,anger
TEST_2155,neutral
TEST_2156,neutral
TEST_2157,neutral
TEST_2158,neutral
TEST_2159,neutral
TEST_2160,disgust
TEST_2161,surprise
TEST_2162,surprise
TEST_2163,surprise
TEST_2164,surprise
TEST_2165,anger
TEST_2166,anger
TEST_2167,anger
TEST_2168,anger
TEST_2169,neutral
TEST_2170,neutral
TEST_2171,neutral
TEST_2172,anger
TEST_2173,anger
TEST_2174,anger
TEST_2175,anger
TEST_2176,joy
TEST_2177,joy
TEST_2178,joy
TEST_2179,neutral
TEST_2180,surprise
TEST_2181,neutral
TEST_2182,surprise
TEST_2183,joy
TEST_2184,surprise
TEST_2185,surprise
TEST_2186,surprise
TEST_2187,anger
TEST_2188,anger
TEST_2189,disgust
TEST_2190,disgust
TEST_2191,disgust
TEST_2192,joy
TEST_2193,joy
TEST_2194,neutral
TEST_2195,neutral
TEST_2196,neutral
TEST_2197,neutral
TEST_2198,neutral
TEST_2199,neutral
TEST_2200,disgust
TEST_2201,disgust
TEST_2202,disgust
TEST_2203,surprise
TEST_2204,joy
TEST_2205,joy
TEST_2206,joy
TEST_2207,joy
TEST_2208,neutral
TEST_2209,anger
TEST_2210,anger
TEST_2211,anger
TEST_2212,anger
TEST_2213,neutral
TEST_2214,neutral
TEST_2215,surprise
TEST_2216,neutral
TEST_2217,neutral
TEST_2218,neutral
TEST_2219,neutral
TEST_2220,neutral
TEST_2221,neutral
TEST_2222,neutral
TEST_2223,neutral
TEST_2224,neutral
TEST_2225,anger
TEST_2226,anger
TEST_2227,anger
TEST_2228,anger
TEST_2229,anger
TEST_2230,anger
TEST_2231,anger
TEST_2232,anger
TEST_2233,anger
TEST_2234,anger
TEST_2235,anger
TEST_2236,anger
TEST_2237,anger
TEST_2238,anger
TEST_2239,anger
TEST_2240,anger
TEST_2241,anger
TEST_2242,neutral
TEST_2243,sadness
TEST_2244,sadness
TEST_2245,neutral
TEST_2246,neutral
TEST_2247,neutral
TEST_2248,neutral
TEST_2249,neutral
TEST_2250,neutral
TEST_2251,neutral
TEST_2252,neutral
TEST_2253,neutral
TEST_2254,surprise
TEST_2255,surprise
TEST_2256,surprise
TEST_2257,neutral
TEST_2258,neutral
TEST_2259,neutral
TEST_2260,neutral
TEST_2261,anger
TEST_2262,anger
TEST_2263,anger
TEST_2264,neutral
TEST_2265,neutral
TEST_2266,neutral
TEST_2267,neutral
TEST_2268,joy
TEST_2269,neutral
TEST_2270,neutral
TEST_2271,anger
TEST_2272,anger
TEST_2273,anger
TEST_2274,neutral
TEST_2275,sadness
TEST_2276,sadness
TEST_2277,neutral
TEST_2278,anger
TEST_2279,neutral
TEST_2280,joy
TEST_2281,neutral
TEST_2282,neutral
TEST_2283,neutral
TEST_2284,neutral
TEST_2285,anger
TEST_2286,anger
TEST_2287,neutral
TEST_2288,neutral
TEST_2289,neutral
TEST_2290,neutral
TEST_2291,sadness
TEST_2292,sadness
TEST_2293,joy
TEST_2294,joy
TEST_2295,joy
TEST_2296,joy
TEST_2297,joy
TEST_2298,sadness
TEST_2299,neutral
TEST_2300,sadness
TEST_2301,neutral
TEST_2302,neutral
TEST_2303,sadness
TEST_2304,neutral
TEST_2305,neutral
TEST_2306,neutral
TEST_2307,neutral
TEST_2308,neutral
TEST_2309,neutral
TEST_2310,neutral
TEST_2311,neutral
TEST_2312,neutral
TEST_2313,neutral
TEST_2314,neutral
TEST_2315,neutral
TEST_2316,neutral
TEST_2317,neutral
TEST_2318,neutral
TEST_2319,neutral
TEST_2320,neutral
TEST_2321,neutral
TEST_2322,neutral
TEST_2323,neutral
TEST_2324,neutral
TEST_2325,joy
TEST_2326,neutral
TEST_2327,neutral
TEST_2328,neutral
TEST_2329,neutral
TEST_2330,neutral
TEST_2331,joy
TEST_2332,neutral
TEST_2333,neutral
TEST_2334,anger
TEST_2335,surprise
TEST_2336,surprise
TEST_2337,sadness
TEST_2338,joy
TEST_2339,sadness
TEST_2340,anger
TEST_2341,anger
TEST_2342,anger
TEST_2343,anger
TEST_2344,anger
TEST_2345,anger
TEST_2346,anger
TEST_2347,anger
TEST_2348,anger
TEST_2349,anger
TEST_2350,anger
TEST_2351,anger
TEST_2352,anger
TEST_2353,anger
TEST_2354,anger
TEST_2355,anger
TEST_2356,anger
TEST_2357,anger
TEST_2358,anger
TEST_2359,surprise
TEST_2360,neutral
TEST_2361,neutral
TEST_2362,neutral
TEST_2363,neutral
TEST_2364,neutral
TEST_2365,surprise
TEST_2366,surprise
TEST_2367,anger
TEST_2368,anger
TEST_2369,anger
TEST_2370,anger
TEST_2371,anger
TEST_2372,neutral
TEST_2373,neutral
TEST_2374,neutral
TEST_2375,neutral
TEST_2376,neutral
TEST_2377,neutral
TEST_2378,neutral
TEST_2379,neutral
TEST_2380,neutral
TEST_2381,neutral
TEST_2382,neutral
TEST_2383,neutral
TEST_2384,neutral
TEST_2385,joy
TEST_2386,neutral
TEST_2387,neutral
TEST_2388,neutral
TEST_2389,neutral
TEST_2390,anger
TEST_2391,anger
TEST_2392,anger
TEST_2393,neutral
TEST_2394,neutral
TEST_2395,surprise
TEST_2396,surprise
TEST_2397,surprise
TEST_2398,surprise
TEST_2399,neutral
TEST_2400,neutral
TEST_2401,neutral
TEST_2402,neutral
TEST_2403,neutral
TEST_2404,neutral
TEST_2405,joy
TEST_2406,surprise
TEST_2407,neutral
TEST_2408,neutral
TEST_2409,neutral
TEST_2410,neutral
TEST_2411,neutral
TEST_2412,neutral
TEST_2413,surprise
TEST_2414,neutral
TEST_2415,neutral
TEST_2416,neutral
TEST_2417,neutral
TEST_2418,neutral
TEST_2419,surprise
TEST_2420,surprise
TEST_2421,anger
TEST_2422,neutral
TEST_2423,anger
TEST_2424,neutral
TEST_2425,neutral
TEST_2426,anger
TEST_2427,anger
TEST_2428,anger
TEST_2429,anger
TEST_2430,anger
TEST_2431,anger
TEST_2432,anger
TEST_2433,anger
TEST_2434,anger
TEST_2435,neutral
TEST_2436,sadness
TEST_2437,anger
TEST_2438,anger
TEST_2439,anger
TEST_2440,anger
TEST_2441,anger
TEST_2442,anger
TEST_2443,anger
TEST_2444,anger
TEST_2445,anger
TEST_2446,joy
TEST_2447,joy
TEST_2448,joy
TEST_2449,neutral
TEST_2450,neutral
TEST_2451,neutral
TEST_2452,neutral
TEST_2453,neutral
TEST_2454,neutral
TEST_2455,joy
TEST_2456,joy
TEST_2457,joy
TEST_2458,surprise
TEST_2459,surprise
TEST_2460,surprise
TEST_2461,surprise
TEST_2462,surprise
TEST_2463,surprise
TEST_2464,surprise
TEST_2465,surprise
TEST_2466,surprise
TEST_2467,surprise
TEST_2468,surprise
TEST_2469,surprise
TEST_2470,surprise
TEST_2471,surprise
TEST_2472,neutral
TEST_2473,neutral
TEST_2474,neutral
TEST_2475,neutral
TEST_2476,neutral
TEST_2477,neutral
TEST_2478,neutral
TEST_2479,neutral
TEST_2480,neutral
TEST_2481,neutral
TEST_2482,surprise
TEST_2483,joy
TEST_2484,surprise
TEST_2485,surprise
TEST_2486,neutral
TEST_2487,joy
TEST_2488,neutral
TEST_2489,neutral
TEST_2490,neutral
TEST_2491,neutral
TEST_2492,neutral
TEST_2493,neutral
TEST_2494,neutral
TEST_2495,neutral
TEST_2496,neutral
TEST_2497,neutral
TEST_2498,neutral
TEST_2499,neutral
TEST_2500,anger
TEST_2501,surprise
TEST_2502,surprise
TEST_2503,surprise
TEST_2504,surprise
TEST_2505,neutral
TEST_2506,neutral
TEST_2507,neutral
TEST_2508,neutral
TEST_2509,neutral
TEST_2510,neutral
TEST_2511,neutral
TEST_2512,joy
TEST_2513,neutral
TEST_2514,neutral
TEST_2515,neutral
TEST_2516,surprise
TEST_2517,surprise
TEST_2518,surprise
TEST_2519,surprise
TEST_2520,surprise
TEST_2521,surprise
TEST_2522,surprise
TEST_2523,surprise
TEST_2524,surprise
TEST_2525,surprise
TEST_2526,disgust
TEST_2527,disgust
TEST_2528,disgust
TEST_2529,disgust
TEST_2530,neutral
TEST_2531,neutral
TEST_2532,neutral
TEST_2533,neutral
TEST_2534,neutral
TEST_2535,neutral
TEST_2536,neutral
TEST_2537,neutral
TEST_2538,neutral
TEST_2539,neutral
TEST_2540,neutral
TEST_2541,neutral
TEST_2542,neutral
TEST_2543,disgust
TEST_2544,neutral
TEST_2545,neutral
TEST_2546,neutral
TEST_2547,neutral
TEST_2548,neutral
TEST_2549,surprise
TEST_2550,surprise
TEST_2551,neutral
TEST_2552,neutral
TEST_2553,neutral
TEST_2554,surprise
TEST_2555,surprise
TEST_2556,neutral
TEST_2557,neutral
TEST_2558,neutral
TEST_2559,disgust
TEST_2560,disgust
TEST_2561,anger
TEST_2562,neutral
TEST_2563,surprise
TEST_2564,surprise
TEST_2565,surprise
TEST_2566,neutral
TEST_2567,neutral
TEST_2568,neutral
TEST_2569,neutral
TEST_2570,neutral
TEST_2571,neutral
TEST_2572,neutral
TEST_2573,neutral
TEST_2574,neutral
TEST_2575,neutral
TEST_2576,neutral
TEST_2577,anger
TEST_2578,anger
TEST_2579,anger
TEST_2580,anger
TEST_2581,anger
TEST_2582,neutral
TEST_2583,neutral
TEST_2584,joy
TEST_2585,surprise
TEST_2586,sadness
TEST_2587,sadness
TEST_2588,sadness
TEST_2589,disgust
TEST_2590,disgust
TEST_2591,disgust
TEST_2592,disgust
TEST_2593,anger
TEST_2594,anger
TEST_2595,anger
TEST_2596,anger
TEST_2597,anger
TEST_2598,anger
TEST_2599,anger
TEST_2600,anger
TEST_2601,anger
TEST_2602,anger
TEST_2603,anger
TEST_2604,anger
TEST_2605,anger
TEST_2606,anger
TEST_2607,anger
TEST_2608,anger
TEST_2609,anger
